category,name,description,effect,ingredients
Cooking Pot Meal,Apple Pie,"The crispy, flaky pie crust and sweet apples are a match made in heaven.",,Tabantha Wheat; Cane Sugar; Goat Butter; Apple
Cooking Pot Meal,Carrot Cake,Even those who don't like carrots tend to enjoy the mild sweetness of this cake.,,Tabantha Wheat; Cane Sugar; Goat Butter; Any Carrot
Cooking Pot Meal,Carrot Stew,This simple stew sat simmering for a long time to bring out the sweetness of the carrots.,,Any Carrot; Fresh Milk; Goat Butter; Tabantha Wheat
Cooking Pot Meal,Clam Chowder,The nutritional value of hearty blueshell snail combines with butter and milk in a rich soup.,,Fresh Milk; Tabantha Wheat; Goat Butter; Hearty Blueshell Snail
Cooking Pot Meal,Crab Omelet with Rice,The fluffy crab legs pair perfectly with the rice for a truly scrumptious dish.,,Hylian Rice; Bird Egg; Rock Salt; Any Crab
Cooking Pot Meal,Crab Risotto,"An everyday staple of seaside villages, the secret to its delicious flavor lies in crab fat.",,Hylian Rice; Goat Butter; Rock Salt; Any Crab
Cooking Pot Meal,Crab Stir-Fry,The Goron spice used in preparing this crab pairs perfectly with the flavor of the meat.,,Goron Spice; Any Crab
Cooking Pot Meal,Cream of Mushroom Soup,The creamy mushroom and vegetable soup is so chunky it eats like a meal!,,"Any Mushroom; Any Vegetable, Herb, or Flower; Fresh Milk; Rock Salt"
Cooking Pot Meal,Cream of Vegetable Soup,"Made by simmering vegetables in milk, this healthy dish is as simple as the ingredients.",,"Any Vegetable, Herb or Flower (except carrots or pumpkin); Fresh Milk; Rock Salt"
Cooking Pot Meal,Creamy Heart Soup,Enjoying this sweet soup with another person will bring you both closer together.,,Hydromelon; Voltfruit; Any Radish; Fresh Milk
Cooking Pot Meal,Creamy Meat Soup,This nutritious soup contains serious portions of lightly-braised meat and many vegetables.,,"Any Meat; Any Vegetable, Herb, or Flower; Fresh Milk; Rock Salt"
Cooking Pot Meal,Creamy Seafood Soup,Thick-cut chunks of seafood and stock provides a satisfying savoriness.,,"Any Seafood; Any Vegetable, Herb, or Flower; Fresh Milk; Rock Salt"
Cooking Pot Meal,Curry Pilaf,"The Goron spice used in this pilaf has given it a rich, spicy aroma.",,Hylian Rice; Bird Egg; Goat Butter; Goron Spice
Cooking Pot Meal,Curry Rice,"A favorite all over Hyrule, this simple dish has a flavor you just won't get tired of.",,Hylian Rice; Goron Spice
Cooking Pot Meal,Dubious Food,It's too gross to even look at. A bizarre smell issues forth from this heap. Eating it won't hurt you though...probably.,,"Food with critters or monster parts, or; Seasoning without food, or; Monster parts without critters, or; Critters without monster parts"
Cooking Pot Meal,Egg Pudding,"Made by cooking eggs and milk in a special mold, its soft texture melts in your mouth.",,Fresh Milk; Bird Egg; Cane Sugar
Cooking Pot Meal,Egg Tart,You'll know this simple dessert is done baking when it smells just delightful.,,Tabantha Wheat; Bird Egg; Cane Sugar; Goat Butter
Cooking Pot Meal,Energizing Honey Candy,"A natural sweet, brimming with nutrition and made by stewing fresh honey.",,Courser Bee Honey
Cooking Pot Meal,Fish Pie,"A mainstay in any fisherman's home, the crisp crust pairs well with the fishy flavor.",,Tabantha Wheat; Goat Butter; Rock Salt; Any Seafood
Cooking Pot Meal,Fish Skewer,A simple dish made by cooking chunks of fresh fish on a skewer.,,Any Fish
Cooking Pot Meal,Fish and Mushroom Skewer,"A simple dish made by cooking skewered, fresh fish alongside fragrant mushrooms.",,Any Fish; Any Mushroom
Cooking Pot Meal,Fragrant Mushroom Sauté,The fragrant aroma of this sautéed spice and mushroom dish makes your mouth water.,,Goron Spice; Any Mushroom
Cooking Pot Meal,Fried Bananas,Children love fried mighty bananas. The trick is frying them over very high heat.,,Mighty Bananas; Tabantha Wheat; Cane Sugar
Cooking Pot Meal,Fried Egg and Rice,The soft egg yolk pairs well with the fresh rice in this simple dish.,,Hylian Rice; Bird Egg
Cooking Pot Meal,Fried Wild Greens,A basic vegetable dish made by sautéing fresh wild plants.,,"Any Vegetable, Herb, or Flower"
Cooking Pot Meal,Copious Fried Wild Greens,A healthy dish made by cooking mixed greens over a strong flame.,,"Any 4 different Vegetables, Herbs, or Flowers"
Cooking Pot Meal,Fruit and Mushroom Mix,This dish contrasts the sweetness of fruit with the savoriness of mushrooms.,,Any Fruit; Any Mushroom
Cooking Pot Meal,Fruit Pie,A celebration isn't a celebration until this fruit-filled crust hits the table!,,Any Fruit (besides Apple); Tabantha Wheat; Cane Sugar; Goat Butter
Cooking Pot Meal,Fruitcake,"Making ample use of fruits found all over Hyrule, this cake is a must for celebrations.",,Apple or Wildberry; Any Fruit; Tabantha Wheat; Cane Sugar
Cooking Pot Meal,Glazed Meat,"The sweetness of the honey permeates the meat, giving it a complex taste profile.",,Courser Bee Honey; Any Meat
Cooking Pot Meal,Glazed Mushrooms,"The honey in this mushroom dish gives it a sweet, complex taste and a savory finish.",,Courser Bee Honey; Any Mushroom
Cooking Pot Meal,Glazed Seafood,A seafood dish that you can actually wolf down whole!,,Courser Bee Honey; Any Seafood
Cooking Pot Meal,Glazed Veggies,Don't like the taste of vegetables? Simply sauté them in honey for a salty-sweet flavor!,,"Courser Bee Honey; Any Vegetable, Herb, or Flower"
Cooking Pot Meal,Gourmet Meat and Rice Bowl,Only the most carefully selected cuts of high-quality meats go into this dish.,,Raw Gourmet Meat; Hylian Rice; Rock Salt
Cooking Pot Meal,Gourmet Meat and Seafood Fry,A marriage of the choicest cuts of meat and seafood. As delicious as it is filling!,,Any Gourmet Meat; Any Seafood
Cooking Pot Meal,Gourmet Meat Curry,The high-quality meat used in this prized dish satisfies meat and curry lovers alike.,,Raw Gourmet Meat; Goron Spice; Hylian Rice
Cooking Pot Meal,Gourmet Meat Stew,The meat has simmered for so long it melts in your mouth. A true bucket-list meal!,,Any Gourmet Meat; Tabantha Wheat; Fresh Milk; Goat Butter
Cooking Pot Meal,Gourmet Poultry Curry,"Once served in Hyrule Castle, the poultry used in this dish is of immensely high quality.",,Raw Whole Bird; Goron Spice; Hylian Rice
Cooking Pot Meal,Gourmet Poultry Pilaf,"Made with the highest-quality poultry, every bite of this pilaf floods your mouth with flavor.",,Raw Whole Bird; Hylian Rice; Goat Butter; Bird Egg
Cooking Pot Meal,Gourmet Spiced Meat Skewer,The rich aroma and juicy texture of this high-quality meat puts it in a league of its own.,,Raw Gourmet Meat; Goron Spice
Cooking Pot Meal,Herb Sauté,A fragrant mixture of herbs and spices.; It's easily recognized by its unique aroma.,,"Any Vegetable, Herb, or Flower; Goron Spice"
Cooking Pot Meal,Energizing Honey Crepe,Honey has been drizzled over thin crepes to bring out their natural sweetness and flavor.,,Fresh Milk; Bird Egg; Tabantha Wheat; Cane Sugar; Courser Bee Honey
Cooking Pot Meal,Honeyed Apple,A juicy sweet-and-sour dish combining newly ripened apples with honey.,,Apple; Courser Bee Honey
Cooking Pot Meal,Honeyed Fruits,A dish that combines the thick sweetness of honey with the acidity of sour fruits.,,Courser Bee Honey; Any Fruit (besides Apple)
Cooking Pot Meal,Hot Buttered Apple,The apple's sweetness has been enhanced by smothering it with butter and baking it.,,Apple; Goat Butter
Cooking Pot Meal,Meat-Stuffed Pumpkin,"This hollow, meat-filled fortified pumpkin is a local specialty or Kakariko Village.",,Fortified Pumpkin; Any Meat
Cooking Pot Meal,Meat and Mushroom Skewer,A filling dish made by grilling various mountain ingredients with either steak or bird meat.,,Any Meat; Any Mushroom
Cooking Pot Meal,Meat and Rice Bowl,This dish of rice and lightly seared meat is a mainstay all throughout Hyrule.,,Hylian Rice; Raw Meat; Rock Salt
Cooking Pot Meal,Meat and Seafood Fry,A filling dish made by cooking fresh seafood and meat together.,,Any Meat; Any Seafood
Cooking Pot Meal,Meat Curry,The heat from the spice allows you to enjoy the large portion of the meat's savoriness.,,Raw Meat; Hylian Rice; Goron Spice
Cooking Pot Meal,Meat Pie,You'll need an extra napkin to deal with this juicy pie of perfectly baked minced meat.,,Tabantha Wheat; Goat Butter; Rock Salt; Any Meat
Cooking Pot Meal,Meat Skewer,"A juicy, filling snack made by grilling small chunks of meat on a skewer.",,Any 3 or less Meat
Cooking Pot Meal,Copious Meat Skewers,Just shove a bunch of meat on to a skewer and you're good to go.,,Any 4 different Meats
Cooking Pot Meal,Meat Stew,The hearty meat in this mainstay dish leaves bellies satisfied all throughout Hyrule.,,Raw Meat or Raw Bird Drumstick; Tabantha Wheat; Goat Butter; Fresh Milk
Cooking Pot Meal,Meaty Rice Balls,The sweet and spicy meat stuffed into these rice balls will keep you full for some time.,,Any Meat; Hylian Rice
Cooking Pot Meal,Monster Cake,"It's said that once you have a taste of this cake, you'll never forget its sweetness.",,Tabantha Wheat; Cane Sugar; Goat Butter; Monster Extract
Cooking Pot Meal,Monster Curry,This unusual take on curry uses monster extract and doesn't rely on spices.,,Hylian Rice; Goron Spice; Monster Extract
Cooking Pot Meal,Monster Rice Balls,Rice balls flavored with monster extract. Their unique aroma is not for everyone.,,Hylian Rice; Rock Salt; Monster Extract
Cooking Pot Meal,Monster Soup,"Using monster extract as a base, this soup's distinct gaminess is either loved or hated.",,Monster Extract; Tabantha Wheat; Fresh Milk; Goat Butter
Cooking Pot Meal,Monster Stew,Meat and seafood simmered in monster extract. A savory dish despite its ingredients.,,Any Meat; Any Seafood; Monster Extract
Cooking Pot Meal,Mushroom Omelet,"The fluffy texture of this omelet is one of the great joys of this dish, as well as life.",,Any Mushroom; Bird Egg; Goat Butter; Rock Salt
Cooking Pot Meal,Mushroom Rice Balls,The aroma of the mushrooms tickles your nose as you peel back the leafy wrapping.,,Hylian Rice; Any Mushroom
Cooking Pot Meal,Mushroom Risotto,The tantalizing aroma of mushrooms and butter beckons you to the table.,,Hylian Rice; Goat Butter; Rock Salt; Any Mushroom
Cooking Pot Meal,Mushroom Skewer,This simple mushroom-packed skewer has its colorful presentation to thank for its appeal.,,Any Mushroom
Cooking Pot Meal,Copious Mushroom Skewers,Fans of fungal cuisine can't resist this simple mushroom-skewer dish. Very filling.,,Any 4 different Mushrooms
Cooking Pot Meal,Nutcake,"Forest nuts give this cake a pleasant texture and a simple, understated sweetness.",,Any Nut; Tabantha Wheat; Cane Sugar; Goat Butter
Cooking Pot Meal,Omelet,This simple dish is common all over Hyrule. Simply fry egg until it's nice and plump.,,Bird Egg
Cooking Pot Meal,Pepper Seafood,The pepper seeds grilled with this seafood draw out its taste and pleasant aroma.,,Spicy Pepper; Any Seafood
Cooking Pot Meal,Pepper Steak,"A dish made by cooking meat in crushed peppers, suppressing the gamy taste while accentuating its flavor.",,Spicy Pepper; Any Meat
Cooking Pot Meal,Plain Crepe,The simplicity of this dish lets the flavor of its ingredients shine.,,Fresh Milk; Cane Sugar; Tabantha Wheat; Bird Egg; Goat Butter
Cooking Pot Meal,Porgy Meunière,"Popular among residents of coastal regions, this juicy porgy is a delish dish.",,Any Porgy; Goat Butter; Tabantha Wheat
Cooking Pot Meal,Poultry Curry,The savory meat pairs well with the aroma of spice in this common curry.,,Raw Bird Drumstick; Hylian Rice; Goron Spice
Cooking Pot Meal,Poultry Pilaf,Sautéed Hylian rice steamed in poultry broth. Cook on low heat until the rice is fluffy.,,Raw Bird Drumstick; Hylian Rice; Bird Egg; Goat Butter
Cooking Pot Meal,Prime Meat and Rice Bowl,This bowl is loaded with high-quality meat. Your hunt for a serious meal ends here.,,Raw Prime Meat; Hylian Rice; Rock Salt
Cooking Pot Meal,Prime Meat and Seafood Fry,This comfort dish is made with choice cuts of meat and seafood.,,Any Prime Meat; Any Seafood
Cooking Pot Meal,Prime Meat Curry,The high-quality meat in this curry has given it a deeper taste than most other curries.,,Raw Prime Meat; Hylian Rice; Goron Spice
Cooking Pot Meal,Prime Meat Stew,Letting the large portions of choice cuts of meat simmer brought out their savoriness.,,Any Prime Meat; Tabantha Wheat; Goat Butter; Fresh Milk
Cooking Pot Meal,Prime Poultry Curry,The secret to this curry's flavor is taking it off the heat while you add the spices.,,Raw Bird Thigh; Goron Spice; Hylian Rice
Cooking Pot Meal,Prime Poultry Pilaf,The rice permeates the savory taste of the poultry in this Gerudo-region favorite.,,Raw Bird Thigh; Hylian Rice; Bird Egg; Goat Butter
Cooking Pot Meal,Prime Spiced Meat Skewer,The simple preparation of this steak dish belies its complex taste profile.,,Raw Prime Meat; Goron Spice
Cooking Pot Meal,Pumpkin Pie,The intense sweetness of fortified pumpkins makes this dessert popular among children.,,Fortified Pumpkin; Tabantha Wheat; Cane Sugar; Goat Butter
Cooking Pot Meal,Pumpkin Stew,Simply simmer a fortified pumpkin to make this dish. A favorite in Kakariko Village.,,Fortified Pumpkin; Tabantha Wheat; Goat Butter; Fresh Milk
Cooking Pot Meal,Rock-Hard Food,"A dish gone awry after adding the wrong ingredient. Chewing your way through this won't be fun, but it will fill you up when you're between a rock and a hard place.",,Wood or ore
Cooking Pot Meal,Salmon Meunière,The crispy skin of this fried hearty salmon puts its texture in a class all its own.,,Tabantha Wheat; Goat Butter; Hearty Salmon
Cooking Pot Meal,Salmon Risotto,The rice used in this rich risotto permeates the light flavor of the salmon.,,Hearty Salmon; Hylian Rice; Goat Butter; Rock Salt
Cooking Pot Meal,Salt-Grilled Crab,Nine out of ten fishermen agree: crab is best enjoyed grilled and with just a bit of salt.,,Rock Salt; Any Crab
Cooking Pot Meal,Salt-Grilled Fish,A simple dish made by rolling a whole fish in natural rock salt before grilling it.,,Rock Salt; Any Fish or Snail
Cooking Pot Meal,Salt-Grilled Gourmet Meat,This lavish grilled dish makes liberal use of high-quality cuts of meat.,,Rock Salt; Any Gourmet Meat
Cooking Pot Meal,Salt-Grilled Greens,A health-boosting dish made with leafy greens and a touch of salt.,,"Rock Salt; Any Vegetable, Herb, or Flower"
Cooking Pot Meal,Salt-Grilled Meat,"Short on ingredients? Just rub some meat in salt and cook it for a simple, tasty dish.",,Rock Salt; Raw Meat or Raw Bird Drumstick
Cooking Pot Meal,Salt-Grilled Mushrooms,A basic mushroom dish made by lightly salting mushrooms and grilling them.,,Any Mushroom; Rock Salt
Cooking Pot Meal,Salt-Grilled Prime Meat,A simple yet exquisite dish made by grilling high-quality meat on top of rock salt.,,Any Prime Meat; Rock Salt
Cooking Pot Meal,Sautéed Nuts,These sautéed tree seeds are the perfect snack for the busy adventurer on the go!,,Acorn; or; Chickaloo Tree Nut
Cooking Pot Meal,Seafood Curry,"This dish brims with treasures from the sea. Its spice packs a kick, so it's not for kids.",,Goron Spice; Hylian Rice; Hearty Blueshell Snail or Any Porgy
Cooking Pot Meal,Seafood Fried Rice,"Various seafood has been sautéed with rice. The stronger the flame, the tastier the dish!",,Hylian Rice; Rock Salt; Hearty Blueshell Snail or Any Porgy
Cooking Pot Meal,Seafood Meunière,Rich butter flanks fresh seafood. The secret ingredient is lots and lots of love.,,Any Seafood (except Porgy or Salmon); Tabantha Wheat; Goat Butter
Cooking Pot Meal,Seafood Paella,No fisherman's birthday bash would be complete without this top-shelf seafood dish.,,Hearty Blueshell Snail; Any Porgy; Hylian Rice; Goat Butter; Rock Salt
Cooking Pot Meal,Seafood Rice Balls,"Stuffed with aromatic seafood, the flavor can vary by ingredients but never disappoints.",,Hylian Rice; Any Seafood
Cooking Pot Meal,Seafood Skewer,The natural water in this medley of seafaring creatures makes for a delicious broth.,,Any Crab or Snail
Cooking Pot Meal,Copious Seafood Skewers,"It's just a whole heap of stuff shoved on to a skewer, but it's still a pretty tasty dish.",,Any 4 different Seafood
Cooking Pot Meal,Simmered Fruit,This sweet dish is made by heaping tasty fruits into a pan and simmering until tender.,,Any Fruit
Cooking Pot Meal,Copious Simmered Fruit,The flavors of the various fruits in this simmered dish exist in perfect harmony.,,Any 4 different Fruit
Cooking Pot Meal,Spiced Meat Skewer,"A special Goron spice covers up the scent of the meat, allowing its flavor to shine.",,Goron Spice; Raw Meat
Cooking Pot Meal,Spicy Sautéed Peppers,The spiciness of these sautéed peppers has been broken by the heat for a sweeter taste.,,Spicy Pepper
Cooking Pot Meal,Steamed Fish,A refined dish made by wrapping a fresh fish in fragrant wild greens and cooking it.,,"Any Vegetable, Herb, or Flower; Any Seafood"
Cooking Pot Meal,Steamed Fruit,A regional dish made by steaming near-ripened fruits in the leaves of fragrant plants.,,"Any Fruit; Any Vegetable, Herb, or Flower"
Cooking Pot Meal,Steamed Meat,This meat dish has been wrapped in fragrant leaves and steamed to preserve its moisture.,,"Any Meat; Any Vegetable, Herb, or Flower (except Pumpkin)"
Cooking Pot Meal,Steamed Mushrooms,A healthy vegetable dish achieved by steaming mushrooms in plant leaves.,,"Any Mushroom; Any Vegetable, Herb, or Flower"
Cooking Pot Meal,Vegetable Curry,This healthy curry is popular for its mild flavor and moderate spiciness.,,Any Carrot or Pumpkin; Hylian Rice; Goron Spice
Cooking Pot Meal,Vegetable Omelet,This home-style dish mixes fluffy eggs with chopped vegetables for nutritional balance.,,"Any Vegetable, Herb, or Flower; Bird Egg; Goat Butter; Rock Salt"
Cooking Pot Meal,Vegetable Risotto,The sweetness of the ingredients gives this risotto a mild flavor.,,Any Carrot or Pumpkin; Hylian Rice; Goat Butter; Rock Salt
Cooking Pot Meal,Veggie Cream Soup,This creamy soup showcases the sweetness of vegetables in a veritable taste explosion.,,Any Carrot or Pumpkin; Fresh Milk; Rock Salt
Cooking Pot Meal,Veggie Rice Balls,This home-style dish of Kakariko Village is stuffed with the bounty of the mountains.,,"Any Vegetable, Herb, or Flower; Hylian Rice"
Cooking Pot Meal,Warm Milk,Make this by heating up some milk. Drink it before bed to ensure a good night's sleep.,,Fresh Milk
Cooking Pot Meal,Wheat Bread,"Made with wheat from the Tabantha region, this soft, springy bread smells just heavenly.",,Tabantha Wheat; Rock Salt
Cooking Pot Meal,Wildberry Crepe,"Sweet, tart wildberries are folded into thin, springy dough to make this dessert.",,Wildberry; Fresh Milk; Cane Sugar; Tabantha Wheat; Bird Egg
Elixir,Chilly Elixir,"Grants a Low/High-level cooling effect, raising your body's resistance to heat. Crucial for long journeys through the desert.",Heat Resistance,Chilly Critter; Monster Part
Elixir,Electro Elixir,Grants a Low/Mid/High-level resistance to electricity. Useful against enemies with electrical attacks.,Electricity Resistance,Electro Critter; Monster Part
Elixir,Enduring Elixir,Restores stamina and temporarily extends your Stamina Wheel. The additional stamina will disappear as it's used.,Extra Stamina,Enduring Critter; Monster Part
Elixir,Energizing Elixir,"Restores your Stamina, which is used when performing physical actions such as climbing walls and swimming.",Restores Stamina,Energizing Critter; Monster Part
Elixir,Fairy Tonic,This powerful recovery elixir harnesses the power of fairies. It has a sweet fragrance.,Restores Hearts,Fairy
Elixir,Fireproof Elixir,"Grants a fireproof effect, which prevents your body from catching fire. Be sure to pack this when venturing out to explore Death Mountain.",Flame Guard,Fireproof Critter; Monster Part
Elixir,Hasty Elixir,"Grants a Low/Mid/High-level haste effect, which boosts your movement speed while running, swimming, or climbing.",Speed Up,Hasty Critter; Monster Part
Elixir,Hearty Elixir,Restores you to full health and increases your maximum hearts. The additional hearts are lost as you take damage.,Extra Hearts,Hearty Animal; Monster Part
Elixir,Mighty Elixir,"Grants a Low/Mid/High-level might effect, which strengthens your body and mind to boost your attack power with all weapons.",Attack Up,Mighty Animal; Monster Part
Elixir,Sneaky Elixir,"Grants a Low/Mid/High-level stealth effect, which calms the nerves and silences footfalls. Allows you to move about undetected by monsters and animals.",Increased sneak ability,Sneaky Critter; Monster Part
Elixir,Spicy Elixir,"Warms your body from its core, increasing your resistance to cold environments. Very useful in the snow-covered mountains.",Cold Resistance,Spicy Critter; Monster Part
Elixir,Tough Elixir,"Grants a Low/Mid/High-level toughness effect, which fortifies your bones to strengthen your defense. Best to use before facing off against hard-hitting enemies.",Defense Up,Tough Critter; Monster Part
Roasted Food,Baked Apple,Direct heat has softened and sweetened this apple. Eat it to restore three quarters of a heart.,,Apple
Roasted Food,Baked Fortified Pumpkin,This fortified pumpkin has been roasted whole. The hard rind serves as a container for the steamed pumpkin flesh inside.,,Fortified Pumpkin
Roasted Food,Baked Palm Fruit,"This palm fruit was broiled with direct heat, resulting in steamed flesh inside the rind. Best served at the moment the juices emerge while roasting.",,Palm Fruit
Roasted Food,Blackened Crab,"A whole crab slow-roasted in its shell. The soft, flaky flesh pairs nicely with the scent of the charred shell for a meal that assaults all five of your senses in all the best ways.",,Any Crab
Roasted Food,Blueshell Escargot,The shell of this hearty blueshell snail acted as a tiny slow cooker as it was roasted. Some people love the trademark bitterness of its tail meat.,,Hearty Blueshell Snail
Roasted Food,Campfire Egg,"Roasting a bird egg whole in its shell like this helps retain water, making the egg a bit chewier than usual.",,Bird Egg
Roasted Food,Charred Pepper,A pepper that's been gently caressed by an open flame. It's much less spicy now.,,Spicy Pepper
Roasted Food,Roasted Acorn,An acorn cooked with direct heat. Its nutty aroma has been amplified.,,Acorn
Roasted Food,Roasted Armoranth,"Simple, roasted armoranth. The heat has frayed the hard, chewy fiber just enough to make it easy to eat.",,Armoranth
Roasted Food,Roasted Bass,A bass that's been cooked whole over an open flame. It's flaky and savory smelling. Offers more hearts than the raw version.,,Hyrule Bass; Staminoka Bass
Roasted Food,Roasted Hearty Bass,An open flame has crisped the skin of this hearty bass to perfection. It's a sizable portion and contains just the right amount of fat to create an exceptionally tasty dish.,,Hearty Bass
Roasted Food,Roasted Big Radish,A roasted big hearty radish. To take such a precious vegetable and put it to the fire is decadent in a way.,,Big Hearty Radish
Roasted Food,Roasted Bird Drumstick,"Raw bird drumstick that's been cooked to a crisp, skin and all. It's devoid of seasoning, but it has a simple, accessible taste. Restores more hearts than the raw variety.",,Raw Bird Drumstick
Roasted Food,Roasted Bird Thigh,"Prime meat that's been flame-seared to perfection. The outide is crispy, but the inside is juicy. Eat it to recover hearts.",,Raw Bird Thigh
Roasted Food,Roasted Carp,"Roasting this freshwater carp helped to supress some of its stench, making it easier to stomach. You can really sink your teeth into the thick, meaty flesh.",,Any Carp
Roasted Food,Roasted Hearty Durian,"This hearty durian was roasted whole inside its hard shell. Unfortunately, roasting it did nothing to remove its distinct odor. Eat it to recover a lot of hearts.",,Hearty Durian
Roasted Food,Roasted Endura Carrot,This flame-kissed endura carrot makes for a truly extravagant single-item dish. The fire really brought out its sweetness.,,Endura Carrot
Roasted Food,Roasted Hydromelon,This hydromelon was roasted whole for a very soft and flaky inner flesh with a rather intriguing flavor. Now this is your money melon!,,Hydromelon
Roasted Food,Roasted Lotus Seeds,Flame-roasted fleet-lotus seeds. Peel the skin back to get to the soft and flaky center.,,Fleet-Lotus Seeds
Roasted Food,Roasted Mighty Bananas,"These mighty bananas have been roasted whole. Cooking them through has turned the fruit into a sticky, rich, aromatic syrup.",,Mighty Bananas
Roasted Food,Roasted Mighty Thistle,"Lightly toasted mighty thistle. It has no special effects, but now that it's been grilled, the pointy ends go down smooth.",,Mighty Thistle
Roasted Food,Roasted Porgy,"The soft and fluffy texture of this seafaring fish has been enhanced by roasting it over an open fire. The crisp, aromatic skin is particularly delicious.",,Any Porgy
Roasted Food,Roasted Radish,"A roasted hearty radish. Fragrant and warm, it has no special effect but will restore hearts.",,Hearty Radish
Roasted Food,Roasted Hearty Salmon,"A fresh hearty salmon roasted simply over an open flame without any additional flavoring. Not only is the skin edible, but it gives off a rather nice aroma as well.",,Hearty Salmon
Roasted Food,Roasted Swift Carrot,"A fragrant swift carrot that's been lightly roasted. It doesn't have any special effects, but it will restore some health.",,Swift Carrot
Roasted Food,Roasted Tree Nut,A tree seed roasted to amplify its fragrance. Gives more hearts that the raw variety.,,Chickaloo Tree Nut
Roasted Food,Roasted Trout,"This trout can be found all over Hyrule. Served river-to-table, it's simply cooked for a soft and flaky flesh with a mild flavor.",,Any Trout
Roasted Food,Roasted Voltfruit,This voltfruit from the Gerudo Desert has been charred to really bring out its sweet and sour flavors.,,Voltfruit
Roasted Food,Roasted Wildberry,This wildberry was prepared over an open flame to alter its sweet taste. It recovers more health than if eaten raw.,,Wildberry
Roasted Food,Roasted Whole Bird,"This raw whole bird has been tickled by an open flame to bring out its flavor. Less is more, as the lack of additional seasoning allows its natural taste to shine.",,Raw Whole Bird
Roasted Food,Seared Gourmet Steak,"The highest quality raw gourmet meat, just kissed by an open flame. No additional seasonings have been added, which lets the natural flavor of the meat really shine.",,Raw Gourmet Meat
Roasted Food,Seared Prime Steak,"Raw prime meat cooked over an open flame. The outside is perfectly browned, while the inside is mouthwateringly juicy.",,Raw Prime Meat
Roasted Food,Seared Steak,Raw meat cooked over an open flame. Cooking it has increased its flavor and the number of hearts it provides.,,Raw Meat
Roasted Food,Sneaky River Escargot,Sneaky river snail roasted whole in its shell. The meat is soft and a little chewy. Pulling all the meat from the shell in one go fills you with a sense of accomplishment.,,Sneaky River Snail
Roasted Food,Toasty Chillshroom,A fully roasted chillshroom. It's evenly toasted and tastes a low better than when eaten raw. Eating it will restore a bit of health.,,Chillshroom
Roasted Food,Toasty Endura Shroom,"A toasted endura shroom. It doesn't grant any special effects, but boy is it tasty!",,Endura Shroom
Roasted Food,Toasted Hearty Truffle,"A hearty truffle with a toasted, crispy outside and warm, gooey inside.",,Hearty Truffle
Roasted Food,Toasted Big Hearty Truffle,This big hearty truffle has been roasted whole. It gets full points for aroma and nutrition. Eat it to recover a lot of hearts.,,Big Hearty Truffle
Roasted Food,Toasty Ironshroom,An ironshroom exposed to an open flame. Its once-tough exterior is now crunchy and tasty. Restores a bit of health.,,Ironshroom
Roasted Food,Toasty Hylian Shroom,"A Hylian Shroom toasted to perfection. The taste and fragrance are amplified, restoring more health to its consumer.",,Hylian Shroom
Roasted Food,Toasty Razorshroom,A razorshroom that's been exposed to direct heat. Its sharp exterior has softened considerably. Restores a bit of health.,,Razorshroom
Roasted Food,Toasty Rushroom,"A rushroom that's been put to the torch. It may have lost its speedy properties, but at least it tastes good now.",,Rushroom
Roasted Food,Toasty Silent Shroom,"A whole, toasted silent shroom. High heat may have destroyed its soft glow, but it's now fragrant and taasty.",,Silent Shroom
Roasted Food,Toasty Stamella Shroom,"This toasted Stamella Shroom doesn't grant any special effects, but it will restore one and a half hearts.",,Stamella Shroom
Roasted Food,Toasty Sunshroom,It's always a good idea to keep a fully roasted sunshroom or two on hand just in case. Eat it to recover a bit of health.,,Sunshroom
Roasted Food,Toasty Zapshroom,It's not very shocking that this fully roasted zapshroom is delicious. Eat it to recover a bit of health.,,Zapshroom
Frozen Food,Frozen Bass,"That's one cold fish. Eating it won't restore many hearts, but it will lower your body temperature a bit.",,Any Bass
Frozen Food,Frozen Hearty Bass,"This hearty bass has been frozen by cool air. Eating it will be a challenge because it's frozen solid, but if you persevere, it will temporarily increase your heat resistance.",,Hearty Bass
Frozen Food,Frozen Bird Drumstick,It's as hard as a rock but is supposedly edible. It restores a small number of hearts and has a cooling effect.,,Raw Bird Drumstick
Frozen Food,Frozen Bird Thigh,"High-quality, frozen bird meat. It's so solid it looks like it could be used as a weapon. Eating it will restore some hearts and cool you down, but don't break your teeth on it.",,Raw Bird Thigh
Frozen Food,Frozen Whole Bird,"This raw whole bird may have been frozen solid, but its flavor remains intact. Eating it will provide a temporary boost to your heat resistance.",,Raw Whole Bird
Frozen Food,Frozen Carp,"The crunchy, icy texture of this chilled carp is quite the delicacy. Eating it will temporarily increase your heat resistance.",,Any Carp
Frozen Food,Frozen Crab,"Doesn't provide as much companionship as an unfrozen crab, but it won't spoil during your travels. Eat it to gain a temporary boost to your heat resistance.",,Any Crab
Frozen Food,Frozen River Snail,"The distinct glow of this sneaky river snail has diminished after it's been frozen, but eating it will provide a temporary increase to your heat resistance.",,Sneaky River Snail
Frozen Food,Frozen Trout,Being frozen has condensed the taste of fish inside this trout's body. Eating it will provide a temporary boost to your heat resistance.,,Any Trout
Frozen Food,Icy Hearty Blueshell Snail,It takes a skilled chef to get the meat out of this frozen hearty blueshell snail. Eating this will provide a temporary increase to your heat resistance.,,Hearty Blueshell Snail
Frozen Food,Icy Meat,"A frozen slab of animal meat. If you can manage to chew it up and swallow it, you'll restore some hearts and lower your body temperature.",,Raw Meat
Frozen Food,Icy Prime Meat,"High-quality, frozen animal meat. Doesn't restore many hearts, but it can lower your body temperature.",,Raw Prime Meat
Frozen Food,Icy Gourmet Meat,This raw gourmet meat has been frozen for easy traveling. It's kept its flavor through the freezing process. Eating it as is will provide a temporary boost to your heat resistance.,,Raw Gourmet Meat
